{"camera_matrix": [[469.3849791379322, -1.9341222679471761, 631.4282795719928], [0.0, 486.8446988794472, 358.880814285622], [0.0, 0.0, 1.0]], "dist_coeff": [[0.3488537002944524], [-2.93627102747256], [4.043833679960695], [-0.8598074253343535]]}